"0","nms = names(dna)"
"0","pos = sub("".* "", """", nms)"
"0","df <- DataFrame("
"0","    dna = unname(dna),"
"0","    pos = pos"
"0",")"
"0","df$gc <- letterFrequency(df$dna, ""GC"", as.prob=TRUE)[,1]"
"0","df"
"1","DataFrame"
"1",""
"1"," with "
"1",""
"1","26454"
"1",""
"1"," rows and "
"1",""
"1","3"
"1",""
"1"," columns
"
"1","     "
"1","                     dna"
"1","                     pos"
"1","        gc"
"1","
     "
"1","          <DNAStringSet>"
"1","             <character>"
"1"," <numeric>"
"1","
1    "
"1"," GTTGGTGGCC...GTTGCACGGT"
"1"," chr2L:16764737-16766736"
"1","    0.3785"
"1","
2    "
"1"," TTATTTATGT...CATCCTCGAT"
"1","   chr2L:8382455-8384454"
"1","      0.43"
"1","
3    "
"1"," TTATTTATGT...CATCCTCGAT"
"1","   chr2L:8382455-8384454"
"1","      0.43"
"1","
4    "
"1"," TTATTTATGT...CATCCTCGAT"
"1","   chr2L:8382455-8384454"
"1","      0.43"
"1","
5    "
"1"," TTATTTATGT...CATCCTCGAT"
"1","   chr2L:8382455-8384454"
"1","      0.43"
"1","
...  "
"1","                     ..."
"1","                     ..."
"1","       ..."
"1","
26450"
"1"," ATTTACAAGA...TCAATAAAAC"
"1","     chrXHet:73686-75685"
"1","    0.3455"
"1","
26451"
"1"," GATATACGAA...GTTATATATT"
"1","     chrXHet:12884-14883"
"1","    0.3065"
"1","
26452"
"1"," GATATACGAA...GTTATATATT"
"1","     chrXHet:12884-14883"
"1","    0.3065"
"1","
26453"
"1"," GATATACGAA...GTTATATATT"
"1","     chrXHet:12884-14883"
"1","    0.3065"
"1","
26454"
"1"," CGTATGTATT...GAACAAATTG"
"1","   chrYHet:277861-279860"
"1","    0.3865"
"1","
"
