"0","dna <- readDNAStringSet(dm3_upstream_file)"
"0","dna"
"1","  A "
"1",""
"1","DNAStringSet"
"1",""
"1"," instance of length "
"1",""
"1","26454"
"1",""
"1","
"
"1","        "
"1",""
"1","width"
"1"," seq                                                               "
"1",""
"1","names               "
"1","
"
"1","    [1]"
"1",""
"1"," "
"1",""
"1"," 2000"
"1",""
"1"," "
"1",""
"1","GTTGGTGGCCCACCAGTGCCAAAATACACAA...GTATAAAAGGCAAGTTTACCGGTTGCACGGT"
"1"," "
"1",""
"1","NM_078863_up_2000..."
"1","
"
"1","    [2]"
"1",""
"1"," "
"1",""
"1"," 2000"
"1",""
"1"," "
"1",""
"1","TTATTTATGTAGGCGCCCGTTCCCGCAGCCA...TAATCGATAGATACGGAAAGTCATCCTCGAT"
"1"," "
"1",""
"1","NM_001201794_up_2..."
"1","
"
"1","    [3]"
"1",""
"1"," "
"1",""
"1"," 2000"
"1",""
"1"," "
"1",""
"1","TTATTTATGTAGGCGCCCGTTCCCGCAGCCA...TAATCGATAGATACGGAAAGTCATCCTCGAT"
"1"," "
"1",""
"1","NM_001201795_up_2..."
"1","
"
"1","    [4]"
"1",""
"1"," "
"1",""
"1"," 2000"
"1",""
"1"," "
"1",""
"1","TTATTTATGTAGGCGCCCGTTCCCGCAGCCA...TAATCGATAGATACGGAAAGTCATCCTCGAT"
"1"," "
"1",""
"1","NM_001201796_up_2..."
"1","
"
"1","    [5]"
"1",""
"1"," "
"1",""
"1"," 2000"
"1",""
"1"," "
"1",""
"1","TTATTTATGTAGGCGCCCGTTCCCGCAGCCA...TAATCGATAGATACGGAAAGTCATCCTCGAT"
"1"," "
"1",""
"1","NM_001201797_up_2..."
"1","
"
"1","    ..."
"1"," "
"1","  ..."
"1"," "
"1","...
"
"1","[26450]"
"1",""
"1"," "
"1",""
"1"," 2000"
"1",""
"1"," "
"1",""
"1","ATTTACAAGACTAATAAAGATGTGAAAAAAT...AACAAAAGAAAAAATTAAATTTCAATAAAAC"
"1"," "
"1",""
"1","NM_001111010_up_2..."
"1","
"
"1","[26451]"
"1",""
"1"," "
"1",""
"1"," 2000"
"1",""
"1"," "
"1",""
"1","GATATACGAAGGACGACCTGCAAAATCTGAC...TATTTTTTACTTGTTTGAGTTGTTATATATT"
"1"," "
"1",""
"1","NM_001015258_up_2..."
"1","
"
"1","[26452]"
"1",""
"1"," "
"1",""
"1"," 2000"
"1",""
"1"," "
"1",""
"1","GATATACGAAGGACGACCTGCAAAATCTGAC...TATTTTTTACTTGTTTGAGTTGTTATATATT"
"1"," "
"1",""
"1","NM_001110997_up_2..."
"1","
"
"1","[26453]"
"1",""
"1"," "
"1",""
"1"," 2000"
"1",""
"1"," "
"1",""
"1","GATATACGAAGGACGACCTGCAAAATCTGAC...TATTTTTTACTTGTTTGAGTTGTTATATATT"
"1"," "
"1",""
"1","NM_001276245_up_2..."
"1","
"
"1","[26454]"
"1",""
"1"," "
"1",""
"1"," 2000"
"1",""
"1"," "
"1",""
"1","CGTATGTATTAGTTAACTCTGTGTCCAGATG...CTTTTTAAATTCAAAGTGTAAGAACAAATTG"
"1"," "
"1",""
"1","NM_001015497_up_2..."
"1","
"
