"0","dm3_upstream_file <-"
"0","    system.file(package=""Biostrings"", ""extdata"", ""dm3_upstream2000.fa.gz"")"
"0","readLines(dm3_upstream_file, 10)"
"1"," [1]"
"1"," "">NM_078863_up_2000_chr2L_16764737_f chr2L:16764737-16766736"""
"1","
"
"1"," [2]"
"1"," ""gttggtggcccaccagtgccaaaatacacaagaagaagaaacagcatctt""         "
"1","
"
"1"," [3]"
"1"," ""gacactaaaatgcaaaaattgctttgcgtcaatgactcaaaacgaaaatg""         "
"1","
"
"1"," [4]"
"1"," ""tttttgtgcttttcgaacaaaaaattgggagcagaatattggattcgctt""         "
"1","
"
"1"," [5]"
"1"," ""ttttcgcatcgaatatcttaagggagcaagggaagaaccatctagaataa""         "
"1","
"
"1"," [6]"
"1"," ""taaagaagaccaaaatgtatcgtaactaaaggttttttttattaattatt""         "
"1","
"
"1"," [7]"
"1"," ""aaatgttaaatattaacttataccaactcattggctttacaagtacaaca""         "
"1","
"
"1"," [8]"
"1"," ""aataaccccaaaataatttattgtcaggtgctaaattgttgtttgttgtt""         "
"1","
"
"1"," [9]"
"1"," ""cttggaatttgttttaaatgctcaatttatgtttttgtctttttgcccac""         "
"1","
"
"1","[10]"
"1"," ""aattctgctcgacaatgtcacagattttgtttcagaaacttagcaaaaag""         "
"1","
"
