"0","length(dna)"
"1","[1]"
"1"," 26454"
"1","
"
"0","dna[1:4]"
"1","  A "
"1",""
"1","DNAStringSet"
"1",""
"1"," instance of length "
"1",""
"1","4"
"1",""
"1","
"
"1","    "
"1",""
"1","width"
"1"," seq                                                                   "
"1",""
"1","names               "
"1","
"
"1","[1]"
"1",""
"1"," "
"1",""
"1"," 2000"
"1",""
"1"," "
"1",""
"1","GTTGGTGGCCCACCAGTGCCAAAATACACAAGA...CCGTATAAAAGGCAAGTTTACCGGTTGCACGGT"
"1"," "
"1",""
"1","NM_078863_up_2000..."
"1","
"
"1","[2]"
"1",""
"1"," "
"1",""
"1"," 2000"
"1",""
"1"," "
"1",""
"1","TTATTTATGTAGGCGCCCGTTCCCGCAGCCAAA...ATTAATCGATAGATACGGAAAGTCATCCTCGAT"
"1"," "
"1",""
"1","NM_001201794_up_2..."
"1","
"
"1","[3]"
"1",""
"1"," "
"1",""
"1"," 2000"
"1",""
"1"," "
"1",""
"1","TTATTTATGTAGGCGCCCGTTCCCGCAGCCAAA...ATTAATCGATAGATACGGAAAGTCATCCTCGAT"
"1"," "
"1",""
"1","NM_001201795_up_2..."
"1","
"
"1","[4]"
"1",""
"1"," "
"1",""
"1"," 2000"
"1",""
"1"," "
"1",""
"1","TTATTTATGTAGGCGCCCGTTCCCGCAGCCAAA...ATTAATCGATAGATACGGAAAGTCATCCTCGAT"
"1"," "
"1",""
"1","NM_001201796_up_2..."
"1","
"
